Plaintext,Ciphertext
0x1f8194356f470d38,0xe9e1d8a89b160ada
0x5436217ca53260d1,0x1e5f79d762a8e8bf
0x6f0017a3c22ca6a5,0xdfca6ef79a33c214
0x75bc04f750567ba5,0x5a16cd0401eb1bb7
0xeea320683764d363,0x106f887a5c7157cf
0xf3ed18e8963de962,0x7180c7854886d4df
0x61bb8722217235f1,0xe07711d0ecc52a24
0x7eb86f3eba71243f,0x7520f84685b8cf6
0x84efe80e2ed29d6a,0x489cab28f4813141
0x83a749762cebee06,0xa4d77589eee70229
0xd532ddd2f25f216f,0xc028ed8c17f9310a
0x81157b76e5655b29,0x1d31d7fa208e8504
0xc003d8052f6ca592,0xb63199b2f14adcd4
0xe26c278f6d435254,0xaa8c47cd6a23f3d1
0x2f0bc8f0becc39f5,0x9f578afd63d4d8b9
0xe501814952c3f5b,0xe9922c5d13794888
0xdc1b3141d76453b4,0x7dc88c5687045616
0x585e255afc19f792,0xc2bba860f92f61c1
0x1d57e046a7ac9d4f,0xbfd8417d187086cc
0x9b6a7e9531d00022,0xb5af0ef2ff3f04fc
0xfa2b6572e54d03a0,0x7d65de0630b357bd
0x95969b209dab6bc9,0xcb2933548ac435c
0x30ca224774eea13d,0x26b529d0c1118e01
0xf2a22a1a9aaac8cb,0xb30a21f228636e1a
0xf3330fa582edb4c9,0xec9478e6b02cd494
0x8358d3bce65225d6,0x9f765a9869f85654
0x4d724fa1fe51ca10,0x69212c46215e2b9d
0xbeea7a2db7073f4e,0x515224567eaa9981
0x3f6ff7b25b0da13b,0x96c57c7f4ef7735a
0x16fb334de45d1bdd,0x206ca9518b6e1dae
0x13af835b244b475e,0x9482ca500b6af807
0x6643abbd6553d764,0x22bb9806d8470b4f
0xf39eee5e7cb116dd,0xcfcea3c99e5dd77b
0x17400e8b07c2c75,0x741ba03a065df96a
0x3d8799ab44c5f274,0x1c9a20d0a32413ca
0xb6028f806d106b28,0x319121e694852ea3
0x6f5ea997463653a6,0x4c38f6bb3a8b9193
0x12ad01b07bf33a57,0xad46347d31cb9e3
0x63d41ba7b7d7f433,0x6f3e71e8c7011ce
0x86797a2e49e8ff9a,0xa8f8f7ae41ddacf5
0xe4d75158b9a368ea,0xd6d1c55d94a42bd3
0xad798e2ac40df338,0xa673bf22987b6d5c
0x648565265d90fc1a,0xaaf32d24401c66e4
0x52219d92129204f4,0x5bf6702c7fbc4c9d
0xd7dc90f02edbb7b5,0xb28d2d59398f7893
0xca5e0b28b446f918,0xead3aa94807b4193
0xee23485fd102b640,0xb86e0a3823f165eb
0x930111a95fb80fb0,0x5c681d29ae66b7e0
0xc1e03168238acb65,0xc28fea8a044cf381
0xb088ce27dda717e2,0x3fd0b6be1ea8c6d7
0x3b7d65d86aa8b75,0xdbbce28ff45a2162
0xb42ea6ba37a20f89,0x7ef073ca2b3f00af
0x2ba75a03af51adcf,0x3321829652d5b83
0x167c2d9e8feba70e,0x766ff355db1d5b6d
0xd3b83ffc86234158,0x46c95ee85282921c
0x5a485804888cfbeb,0xb7d8415e7444ad3b
0xb5691d215a4386ba,0xdabe387cedc98442
0x3654c152d2bbe54b,0x4a6344a4fbbe1815
0x4a82177766c7822d,0xc08594257f9e68c0
0x16eaaa249608032e,0xdbcdb3c4abf89bc
0x6e02641a0e97bce3,0x32535c290dba1cca
0x41918de5a2bf10db,0x1724451f38de4a34
0x88f996460d2921c2,0x3c41becd27f6e1cf
0x23ed49229d0b06d,0x9233d53f6cb018
0x73fc586b2de1590c,0xf5edf808c31e4514
0xb284c5f5fd7c30b,0xeefa43a89ab0e6c9
0x92621c919ccf3115,0xed9e5cc4129e4e80
0x316d35ee409b4cc8,0x206cd2a51f191e5e
0x22b98d2d92fd7dca,0xc14fe5240b63c45f
0xa8d8d1b3c01d5005,0xf9d571b28bcf14fe
0x76b870b6c3df9ffc,0x41c56452004940f7
0x9812fec1e547d92e,0xee5c3055f0a00278
0x2b73772c88779ad3,0x1a61415a28c1f141
0x33ed69fe15325734,0xb791b4898007fc26
0xaa65d050a06639aa,0xfb5e4dcc73d6480e
0x1bfd4d672d91f1c9,0x9768267c05769e14
0x84db78e473d45fe9,0x3499bb16bc834ec4
0x652e935da39d8350,0xa18dcb9cdf944519
0x464bd74f1821fee5,0x47ab29e666c8e2ba
0xcf21d5d0e34821c5,0x30da4ffb8f67247c
0x1ae8e9a3e74cf1a0,0xc725e5cbc126179b
0x7fd6ad2f82560519,0x447117bd91bbd0a8
0x4e70ffe3a0df0b8,0x7697856d82608ea
0x4dd04732036535d2,0xf257646079eb9f84
0x17ca1ae23dea7193,0x721fcbf0593b45f5
0x93a9da116ad9be8,0x6933d8ace808f4d4
0xc595ba9a38705051,0x553747ecc61333b5
0x3a63ed20f5b91e8f,0x89fb97a0d34cdc24
0x6d88e835095a174e,0x221bea1093f59a29
0xcb2b4f483b26a401,0x6e2c4c517cf8acc
0x501301b1df87c19d,0x31a7cc1b45a911cc
0x7ae25859e004870f,0xe3530bd458885f92
0x8c1e54323b51f44a,0x6e5bc34718de98c9
0xabbb51160c9faef8,0x7469d9718687415b
0xb0cbb54f881d52e,0xb57249d8bffee5f7
0x149321379e7f9407,0xe99414110db5c0f2
0x1652cfc8746efb3e,0x5c3821d6d9ee0c2e
0xc0dcebcaa5f30e56,0xd444d498c1a9d0cd
0x6fe1dd85d1293f5e,0x1ed7b33ec2ac7d1e
0xb97dea73543ff25a,0x7b3acce947bd08da
